Bus Number,Generator ID,Term ID,Value
1,'1 ',0,1375.9
1,'1 ',1,140.3842614
1,'1 ',2,2.082286932
1,'1 ',9,5
2,'1 ',0,67.9
2,'1 ',1,5.275836689
2,'1 ',2,0.013475833
2,'1 ',9,19
3,'1 ',0,2576.52
3,'1 ',1,143.3363115
3,'1 ',2,0.049040857
3,'1 ',9,49.25
6,'1 ',0,92.88
6,'1 ',1,4.86711941
6,'1 ',2,0.001861248
6,'1 ',9,38.75
8,'1 ',0,243.3333333
8,'1 ',1,163.6181252
8,'1 ',2,1.974646976
8,'1 ',9,3
